Acton,Ont.,9704,43.6339088,-80.041322,False
Acton Vale,Que.,5293,45.6470539,-72.5650634,False
Airdrie,Alta.,42564,51.287806,-114.009612,False
Alexandria,Ont.,3209,45.3111798,-74.6367158,False
Alfred,Ont.,1350,45.5586094,-74.8803744,False
Alliston,Ont.,15379,44.1538667,-79.8693332,False
Alma,Que.,26016,48.5504607,-71.6527704,False
Almonte,Ont.,4752,45.2255655,-76.1940598,False
Altona,Man.,4123,49.1034981,-97.5554948,False
Amherst,N.S.,9811,45.829151,-64.206657,False
Amherstburg,Ont.,13330,42.1013779,-83.1086977,False
Amos,Que.,9400,48.5650196,-78.1125205,False
Amqui,Que.,4557,48.4646053,-67.4311915,False
Angus - Borden CFB-BFC,Ont.,8603,34.0633443,-117.6508876,True
Antigonish,N.S.,5084,45.622973,-61.992101,False
Armstrong,B.C.,4830,50.4476983,-119.1969938,False
Arnprior,Ont.,10099,45.4347445,-76.3518469,False
Arthur,Ont.,2421,43.832428,-80.537807,False
Asbestos,Que.,7312,45.7741034,-71.9367197,False
Ashcroft,B.C.,1628,50.7259246,-121.2804736,False
Assiniboia,Sask.,2418,49.6335672,-105.991792,False
Atikokan,Ont.,2730,48.757169,-91.625521,False
Aylmer,Ont.,7249,42.772759,-80.984036,False
Ayr,Ont.,4380,43.285399,-80.450881,False
Baie-Comeau,Que.,9917,49.2212971,-68.1503944,False
Baie-Saint-Paul,Que.,4535,47.4424059,-70.504084,False
Golden,Ont.,1220,42.6242551,-83.48879,False
Banff,Alta.,7584,51.1780556,-115.5719444,False
Barraute,Que.,1097,48.4376914,-77.637239,False
Barrhead,Alta.,4432,54.1230722,-114.4016742,False
Barrie,Ont.,166634,44.389244,-79.690162,False
Barry's Bay,Ont.,1262,45.488569,-77.678132,False
Bathurst,N.B.,17887,47.62,-65.65,False
Bay Roberts,N.L.,10638,47.5820518,-53.2798524,False
Beauceville,Que.,3700,46.2245141,-70.7836595,False
Beausejour,Man.,3126,50.0617283,-96.5158517,False
Beaverlodge,Alta.,2365,55.213974,-119.423302,False
Beaverton,Ont.,2915,44.4293703,-79.1534702,False
Gentilly,Que.,1997,46.402735,-72.274846,False
Bedford,Que.,2684,45.1211111,-72.9874466,False
Beeton,Ont.,3806,44.0791616,-79.784315,False
Belleville,Ont.,63985,44.204279,-77.378742,False
Beloeil,Que.,50796,45.5679246,-73.2039469,False
Bernierville,Que.,1042,46.107736,-71.571903,False
Berthierville,Que.,4501,46.083474,-73.1847588,False
Berwick,N.S.,2504,45.0452332,-64.7346891,False
Biggar,Sask.,2146,52.057145,-107.983556,False
Bishop's Falls,N.L.,3262,49.0138869,-55.487801,False
Blairmore,Alta.,1723,49.6073328,-114.435524,False
Blenheim,Ont.,4563,42.334886,-81.998655,False
Blind River,Ont.,2540,46.1847168,-82.9539729,False
Bobcaygeon,Ont.,3533,44.5404573,-78.5463692,False
Boissevain,Man.,1572,49.2304365,-100.0595039,False
Saint-Martin,Que.,1556,45.9595089,-70.6563014,False
Bolton,Ont.,25954,43.879577,-79.738248,False
Bonaventure,Que.,1564,48.05,-65.483333,False
Bonavista,N.L.,3319,48.6533449,-53.1118249,False
Bonnyville,Alta.,6216,54.2666667,-110.75,False
Botwood,N.L.,3008,49.1422983,-55.3440853,False
Bow Island,Alta.,2025,49.869621,-111.3770987,False
Bowmanville - Newcastle,Ont.,43555,43.9177731,-78.5874846,False
Bracebridge,Ont.,8845,45.0389565,-79.3078787,False
Bradford,Ont.,22378,44.120221,-79.561908,False
Brandon,Man.,46061,49.848471,-99.9500904,False
Brantford,Ont.,93650,43.152999,-80.263754,False
Bridgenorth - Chemong Park Area,Ont.,2167,34.0633443,-117.6508876,True
Bridgetown,N.S.,1014,44.8418357,-65.2883507,False
Bridgewater,N.S.,8310,44.3721167,-64.5208798,False
Brighton,Ont.,5935,44.0333333,-77.7333333,False
Brockville,Ont.,23354,44.5895244,-75.6842858,False
Brooks,Alta.,13818,50.567619,-111.894402,False
Bouctouche,N.B.,1956,46.4722761,-64.7242645,False
Burgeo,N.L.,1464,47.613413,-57.610491,False
Burns Lake,B.C.,2390,54.2334148,-125.763613,False
Cabano,Que.,2344,47.674838,-68.8804646,False
Cache Creek,B.C.,1040,50.8108099,-121.3233237,False
Caledonia,Ont.,9999,43.0647528,-79.9550748,False
Calgary,Alta.,1095404,51.045,-114.0572222,False
Campbell River,B.C.,34514,50.0331226,-125.2733354,False
Campbellford,Ont.,3493,44.2983353,-77.7984228,False
Campbellton,N.B./Que.,11902,48.007399,-66.6722057,True
Campbellton,New Brunswick part / partie du Nouveau-Brunswick,9130,48.007399,-66.6722057,True
Campbellton,partie du Québec / Quebec part,2772,48.007399,-66.6722057,True
Camrose,Alta.,17226,53.0222045,-112.8285983,False
Canmore,Alta.,10539,51.086985,-115.346814,False
Cannington,Ont.,1916,44.3502163,-79.0386639,False
Canora,Sask.,2219,51.633941,-102.436944,False
Cap-aux-Meules,Que.,1635,47.3777379,-61.8713553,False
Cap-Chat,Que.,1316,49.0940662,-66.6857394,False
Capreol,Ont.,3276,46.7059728,-80.9223682,False
Caraquet,N.B.,4276,47.7897303,-64.9628271,False
Carberry,Man.,1669,49.8677041,-99.3601764,False
Carbonear,N.L.,7337,47.7375216,-53.2294869,False
Cardinal,Ont.,1690,44.7890482,-75.383218,False
Cardston,Alta.,3580,49.1950663,-113.301798,False
Carleton Place,Ont.,10013,45.140603,-76.146546,False
Carlyle,Sask.,1441,49.6339652,-102.2670806,False
Carman,Man.,3027,49.5085651,-98.0016988,False
Carnduff,Sask.,1126,49.1739379,-101.7958095,False
Casselman,Ont.,3642,45.3107048,-75.0893653,False
Castlegar,B.C.,8992,49.3237408,-117.6593341,False
Causapscal,Que.,1901,48.366667,-67.233333,False
Cayuga,Ont.,1622,42.953766,-79.857309,False
Chandler,Que.,2454,48.349494,-64.6769768,False
Channel-Port aux Basques,N.L.,3794,47.5721149,-59.136429,False
Chapais,Que.,1521,49.78221,-74.85248,False
Chapleau,Ont.,2116,47.844487,-83.404365,False
Chase,B.C.,2495,50.8188483,-119.6845191,False
Chatham,Ont.,44074,42.402531,-82.18856,False
Chemainus,B.C.,3035,48.9301648,-123.7344814,False
Chesley,Ont.,2015,44.3027577,-81.0967116,False
Chester,N.S.,1529,44.5421155,-64.2388802,False
Chesterville,Ont.,1514,45.103367,-75.2302799,False
Chetwynd,B.C.,2255,55.697588,-121.629633,False
Chibougamau,Que.,6948,49.9132295,-74.3691986,False
Chilliwack,B.C.,66382,49.1579401,-121.9514666,False
Chute-aux-Outardes,Que.,1644,49.126415,-68.393972,False
Clarenville-Shoal Harbour,N.L.,4406,48.186501,-53.977871,False
Claresholm,Alta.,3758,50.0191916,-113.583768,False
Clermont,Que.,3007,47.6910854,-70.220105,False
Clinton,Ont.,3114,43.617305,-81.539327,False
Coaldale,Alta.,7493,49.7275202,-112.6179093,False
Coaticook,Que.,7123,45.1336856,-71.8039462,False
Cobourg,Ont.,18519,43.959312,-78.167776,False
Cochrane,Alta.,16841,51.1909883,-114.4678603,False
Cochrane,Ont.,3976,49.0650259,-81.0299298,False
Colborne,Ont.,2068,44.0050203,-77.8882304,False
Coleraine,Que.,1137,45.966733,-71.374894,False
Collingwood,Ont.,17233,44.500811,-80.21696,False
Contrecoeur,Que.,4604,45.8526359,-73.234326,False
Cookshire,Que.,1567,45.4131355,-71.6263444,False
Corner Brook,N.L.,19759,48.9489967,-57.9502726,False
Cornwall,Ont.,49243,45.0275,-74.74,False
Courtenay,B.C.,40809,49.6841391,-124.9904493,False
Cowansville,Que.,11615,45.2062926,-72.7471405,False
Crabtree,Que.,2757,45.9631597,-73.4726347,False
Cranbrook,B.C.,19364,49.5129678,-115.7694002,False
Creston,B.C.,5379,49.0955401,-116.5135079,False
Cumberland,B.C.,3381,49.618806,-125.031269,False
Dalhousie,N.B.,2750,48.0657753,-66.3731129,False
Dauphin,Man.,8251,51.147789,-100.049134,False
Dawson Creek,B.C.,11583,55.754211,-120.2341,False
Deep River,Ont.,4086,46.0976628,-77.4933397,False
Deer Lake,N.L.,3977,49.1731682,-57.4338728,False
Delhi,Ont.,4172,42.8526969,-80.4991954,False
Desbiens,Que.,1053,48.4177323,-71.9489606,False
Deseronto,Ont.,2259,44.197476,-77.049563,False
Devon,Alta.,6510,53.3613826,-113.7263574,False
Didsbury,Alta.,4876,51.6608359,-114.136516,False
Digby,N.S.,2152,51.6608359,-114.136516,False
Disraeli,Que.,2502,51.6608359,-114.136516,False
Dolbeau,Que.,12195,51.6608359,-114.136516,False
Donnacona,Que.,7342,51.6608359,-114.136516,False
Drayton Valley,Alta.,7049,51.6608359,-114.136516,False
Dresden,Ont.,2446,51.6608359,-114.136516,False
Drumheller,Alta.,6723,51.6608359,-114.136516,False
Drummondville,Que.,66314,51.6608359,-114.136516,False
Dryden,Ont.,6267,51.6608359,-114.136516,False
Duncan,B.C.,24479,51.6608359,-114.136516,False
Dundalk,Ont.,1988,51.6608359,-114.136516,False
Dunnville,Ont.,5789,51.6608359,-114.136516,False
Dunville,N.L.,2853,51.6608359,-114.136516,False
Durham,Ont.,2823,51.6608359,-114.136516,False
East Angus,Que.,3751,51.6608359,-114.136516,False
East Broughton,Que.,2229,51.6608359,-114.136516,False
Edmonton,Alta.,960015,51.6608359,-114.136516,False
Edmundston,N.B.,13660,51.6608359,-114.136516,False
Edson,Alta.,8475,49.7800938,-92.8369592,False
Eganville,Ont.,1226,44.176314,-80.818429,False
Elliot Lake,Ont.,11185,47.3690127,-68.3266741,False
Elmira,Ont.,9931,45.540745,-77.099805,False
Elmvale,Ont.,2369,44.583569,-79.866209,False
Embrun,Ont.,6380,45.275646,-75.275411,False
Enderby,B.C.,2932,50.5508499,-119.1396705,False
Englehart,Ont.,1554,47.8242362,-79.8738283,False
Erin,Ont.,2674,43.7758018,-80.0687097,False
Les Escoumins,Que.,1634,48.347766,-69.405735,False
Espanola,Ont.,4199,46.2657181,-81.771057,False
Essex,Ont.,7127,42.087057,-82.894632,False
Esterhazy,Sask.,2472,50.6568523,-102.0757792,False
Estevan,Sask.,11054,49.1391667,-102.9861111,False
Exeter,Ont.,4785,43.345751,-81.479927,False
Fairview,Alta.,3162,56.0696394,-118.3916672,False
Farnham,Que.,6442,45.2831318,-72.9748075,False
Fenelon Falls,Ont.,2040,44.53704,-78.73626,False
Fergus,Ont.,19126,43.705858,-80.377839,False
Ferme-Neuve,Que.,1897,46.7019779,-75.456654,False
Fernie,B.C.,4811,49.5040452,-115.063065,False
Flin Flon,Man./Sask.,5592,54.7657685,-101.8762148,True
Flin Flon,Manitoba part / partie de Manitoba,5363,54.7657685,-101.8762148,True
Flin Flon,Saskatchewan part / partie de la Saskatchewan,229,54.7657685,-101.8762148,True
Foam Lake,Sask.,1148,51.6415839,-103.5314871,False
Forest,Ont.,2876,43.097529,-82.000423,False
Forestville,Que.,2957,48.7391752,-69.087641,False
Fort Frances,Ont.,7834,48.6152778,-93.4016667,False
Fort Macleod,Alta.,3021,49.7216792,-113.4000408,False
Fort McMurray,Alta.,61374,56.7281461,-111.3808783,False
Fort Nelson,B.C.,3902,58.8050174,-122.697236,False
Fort Qu'Appelle,Sask.,2044,50.7680508,-103.7829554,False
Fort St. James,B.C.,2278,54.443649,-124.254097,False
Fort St. John,B.C.,18699,56.252423,-120.846409,False
Fort-Coulonge,Que.,2483,45.841537,-76.738355,False
Fortune,N.L.,1055,47.0719834,-55.8272949,False
Fox Creek,Alta.,1969,54.40217,-116.808907,False
Saint-Apollinaire,Que.,2000,46.613619,-71.512415,False
Frankford,Ont.,2507,44.2012812,-77.5959798,False
Fraser Lake,B.C.,1167,54.0562303,-124.8495549,False
Fredericton,N.B.,61522,45.9635895,-66.6431151,False
Iqaluit,Nvt.,6254,63.746693,-68.5169669,False
Fruitvale,B.C.,3628,49.1137024,-117.5487834,False
Gananoque,Ont.,5194,44.330618,-76.161864,False
Gander,N.L.,10234,48.954408,-54.6103488,False
Georgetown,Ont.,40150,43.650301,-79.903661,False
Geraldton,Ont.,1893,49.72677,-86.948843,False
Gibsons,B.C.,8089,49.402778,-123.503611,False
Gimli,Man.,1916,50.6320809,-96.9886746,False
Glace Bay,N.S.,19076,46.2,-59.967,False
Glencoe,Ont.,2086,42.746407,-81.7089419,False
Goderich,Ont.,7521,43.742269,-81.707506,False
Gold River,B.C.,1267,49.7781637,-126.0496149,False
Golden,B.C.,3701,51.2961188,-116.9631367,False
Granby,Que.,60281,45.4032289,-72.7340662,False
Grand Bank,N.L.,2355,47.1002403,-55.7524906,False
Grand Centre,Alta.,13714,54.41299,-110.213753,False
Grand Falls / Grand-Sault,N.B.,5706,47.060808,-67.790126,False
Grand Falls-Windsor,N.L.,12714,48.9276687,-55.6575025,False
Grand Forks,B.C.,4274,49.0300946,-118.4451392,False
Grande Cache,Alta.,4103,53.888685,-119.114022,False
Grande Prairie,Alta.,54913,55.169932,-118.797932,False
Gravelbourg,Sask.,1116,49.8756758,-106.5573172,False
Gravenhurst,Ont.,5935,44.919643,-79.3741834,False
Grimshaw,Alta.,2515,56.1893768,-117.6104887,False
Guelph,Ont.,122362,43.539102,-80.247622,False
Hagersville,Ont.,2579,42.9598903,-80.0522861,False
Haileybury,Ont.,9988,47.4463218,-79.6354588,False
Halifax,N.S.,297943,44.648881,-63.575312,False
Hamilton,Ont.,670580,43.243603,-79.889075,False
Hampton,N.B.,2865,45.5329511,-65.8321685,False
Hanna,Alta.,2673,51.6440582,-111.92872,False
Hanover,Ont.,7490,44.1526004,-81.0254145,False
Hantsport,N.S.,1377,45.0640937,-64.1809348,False
Happy Valley-Goose Bay,N.L.,6427,53.3016826,-60.3260842,False
Harbour Breton,N.L.,1711,47.4774987,-55.8258748,False
Harriston,Ont.,1981,43.913405,-80.871678,False
Harrow,Ont.,2713,42.035883,-82.917589,False
Havelock,Ont.,1265,44.4344001,-77.885246,False
Havre-Saint-Pierre,Que.,2987,50.241814,-63.598569,False
Hawkesbury,Ont./Que.,12128,50.241814,-63.598569,True
Hawkesbury,partie du Québec / Quebec part,1577,50.241814,-63.598569,True
Hawkesbury,Ontario part / partie de l'Ontario,10551,50.241814,-63.598569,True
Hay River,N.W.T.,2806,60.816218,-115.7853653,False
Hearst,Ont.,3968,49.6880184,-83.6669552,False
Saint-Bruno,Que.,2916,45.525974,-73.3406679,False
High Level,Alta.,3641,58.510343,-117.132954,False
High Prairie,Alta.,2666,55.4338723,-116.4877047,False
High River,Alta.,12920,50.581619,-113.869301,False
Hinton,Alta.,9640,53.406541,-117.570033,False
Hope,B.C.,4234,49.3850627,-121.4411528,False
Hudson,Que.,21091,45.4585439,-74.1406654,False
Hudson Bay,Sask.,1477,52.856798,-102.3881142,False
Humboldt,Sask.,5678,52.2019792,-105.1228655,False
Huntingdon,Que.,2594,45.08672,-74.174698,False
Huntsville,Ont.,7197,45.3269323,-79.2167539,False
Indian Head,Sask.,1815,50.5333571,-103.6699014,False
Ingersoll,Ont.,12146,43.0381628,-80.884049,False
Innisfail,Alta.,7876,52.0274064,-113.9470957,False
Inuvik,N.W.T.,3403,68.3607437,-133.7230177,False
Invermere,B.C.,2955,50.5089967,-116.031405,False
Inverness,N.S.,1387,46.2308276,-61.3043828,False
Iroquois,Ont.,1139,44.8486971,-75.3161985,False
Iroquois Falls,Ont.,3617,48.7679814,-80.6731665,False
Wawa,Ont.,2634,47.992392,-84.771007,False
Joliette,Que.,42883,46.0232219,-73.439239,False
Kamloops,B.C.,73472,50.6761111,-120.3408333,False
Kamsack,Sask.,1825,51.565,-101.8947222,False
Kanata,Ont.,101760,45.3088185,-75.8986835,False
Kapuskasing,Ont.,7638,49.412505,-82.418738,False
Kedgwick,N.B.,1012,47.645556,-67.343056,False
Kelowna,B.C.,141767,49.8987658,-119.4560417,False
Kemptville,Ont.,3532,45.0163884,-75.645947,False
Kenora,Ont.,11306,49.7670416,-94.4893924,False
Kentville,N.S.,14234,45.0769115,-64.4944735,False
Killarney,Man.,2197,49.181664,-99.664952,False
Kimberley,B.C.,6723,49.669722,-115.9775,False
Kincardine,Ont.,6725,44.1752954,-81.6365715,False
Kindersley,Sask.,4678,51.4675266,-109.1546825,False
Kingston,Ont.,117787,44.263565,-76.50336,False
Kingston - Greenwood,N.S.,6595,44.9614573,-64.8940212,False
Kirkland Lake,Ont.,7334,48.1497173,-80.031517,False
Kitchener,Ont.,444681,43.434311,-80.477747,False
Kitimat,B.C.,7046,54.062911,-128.638353,False
L'Annonciation,Que.,1863,46.4099669,-74.8703201,False
L'Assomption,Que.,14113,45.8166667,-73.4333333,False
L'Orignal,Ont.,2068,45.6192681,-74.6928116,False
La Malbaie,Que.,4147,47.6569684,-70.152187,False
La Sarre,Que.,6741,48.8385524,-79.2031944,False
La Tuque,Que.,9506,47.4383405,-72.7839311,False
Labelle,Que.,1159,46.28009,-74.7335949,False
Labrador City,N.L.,9228,52.9390014,-66.914216,False
Lac la Biche,Alta.,2544,54.7696415,-111.972514,False
Lac-Etchemin,Que.,2332,46.3992103,-70.5054567,False
Lachute,Que.,11163,45.6520586,-74.3398015,False
Lacolle,Que.,1679,45.0819794,-73.3728638,False
Lacombe,Alta.,11707,52.46833,-113.736702,False
Ladysmith,B.C.,8841,48.99534,-123.8161,False
Lake Cowichan,B.C.,3159,48.8258118,-124.054167,False
Lakefield,Ont.,2758,44.4227814,-78.2721967,False
Langenburg,Sask.,1148,50.8422177,-101.7008065,False
Lanigan,Sask.,1390,51.8480837,-105.0288129,False
Laurentides,Que.,7906,47.32,-70.83,False
Lavaltrie,Que.,10436,45.8781705,-73.2848829,False
Leamington,Ont.,31254,42.0531634,-82.5998874,False
Leduc,Alta.,24279,53.2580126,-113.5502217,False
Lethbridge,Alta.,83679,49.69349,-112.84184,False
Onaping - Levack,Ont.,2042,46.640572,-81.388351,False
Lewisporte,N.L.,3047,49.2450384,-55.0591548,False
Lillooet,B.C.,2068,50.6863017,-121.9367502,False
Lindsay,Ont.,20354,44.354463,-78.7393139,False
Listowel,Ont.,6867,43.7334165,-80.9514698,False
Little Current,Ont.,1523,45.9804652,-81.9277929,False
Liverpool,N.S.,2653,44.0329772,-64.7176783,False
Lloydminster,Alta./Sask.,27804,44.0329772,-64.7176783,True
Lloydminster,Saskatchewan part / partie de la Saskatchewan,9772,44.0329772,-64.7176783,True
Lloydminster,Alberta part / partie de l'Alberta,18032,44.0329772,-64.7176783,True
London,Ont.,366191,42.979398,-81.246138,False
Longlac,Ont.,1388,49.75,-87.2833333,False
Louiseville,Que.,5646,46.2559944,-72.9432214,False
Lucan,Ont.,2076,43.187811,-81.402843,False
Luceville,Que.,1362,48.518778,-68.332686,False
Lucknow,Ont.,1105,43.961,-81.513,False
Lunenburg,N.S.,2313,44.3769444,-64.3188889,False
Macamic,Que.,1390,48.7559043,-79.0021414,False
Mackenzie,B.C.,3300,55.3380556,-123.0944444,False
Madoc,Ont.,1475,44.5052295,-77.4726363,False
Magog,Que.,20235,45.2664863,-72.1479889,False
Magrath,Alta.,2217,49.4236447,-112.8686066,False
Malartic,Que.,3223,48.136619,-78.127087,False
Manitouwadge,Ont.,2105,49.126151,-85.8293286,False
Maniwaki,Que.,4034,46.379466,-75.97352,False
Manning,Alta.,1164,56.9233174,-117.6286479,False
Maple Creek,Sask.,2176,49.906595,-109.480174,False
Marathon,Ont.,3333,48.716744,-86.3821956,False
Marieville,Que.,8168,45.432812,-73.1601,False
Markdale,Ont.,1325,44.31867,-80.648097,False
Marmora,Ont.,1483,44.482947,-77.682106,False
Marystown,N.L.,4181,47.1650754,-55.1555299,False
Matagami,Que.,1526,49.750809,-77.682965,False
Matane,Que.,11169,48.8445157,-67.5305758,False
Mattawa,Ont.,2033,46.316635,-78.710702,False
Mayerthorpe,Alta.,1398,53.9525013,-115.1397259,False
McAdam,N.B.,1284,45.5952997,-67.3253436,False
Meadow Lake,Sask.,5045,54.1241667,-108.4358333,False
Meaford,Ont.,4992,44.6059438,-80.5936871,False
Medicine Hat,Alta.,65671,50.041554,-110.677607,False
Melfort,Sask.,5576,52.8608387,-104.6142973,False
Melita,Man.,1069,49.2720603,-100.9930189,False
Melville,Sask.,4517,50.9305556,-102.8077778,False
Merritt,B.C.,7189,50.10926,-120.779685,False
Middleton,N.S.,1749,44.9426281,-65.0687717,False
Midland,Ont.,31428,44.74865,-79.883781,False
Milton,Ont.,75573,43.5,-79.9166667,False
Milverton,Ont.,1519,43.5658,-80.922098,False
Minnedosa,Man.,2587,50.2452778,-99.8427778,False
Mitchell,Ont.,4448,43.468827,-81.191058,False
Moncton,N.B.,107086,46.0878165,-64.7782313,False
Mont-Joli,Que.,6077,48.5856136,-68.190099,False
Mont-Laurier,Que.,6216,46.5504129,-75.4960308,False
Montmagny,Que.,9356,46.9801031,-70.5565719,False
Moose Jaw,Sask.,33617,50.3933333,-105.5519444,False
Moosomin,Sask.,2485,50.1435671,-101.6668282,False
Morden,Man.,7812,49.192329,-98.0977324,False
Morinville,Alta.,9849,53.802222,-113.649722,False
Morris,Man.,1797,49.3544829,-97.3646884,False
Morrisburg,Ont.,2756,44.8977889,-75.1833966,False
Mount Brydges,Ont.,2332,42.9096845,-81.4958601,False
Mount Forest,Ont.,4757,43.979412,-80.732175,False
Notre-Dame-du-Bon-Conseil,Que.,1404,46.003241,-72.340509,False
Notre-Dame-du-Lac,Que.,1303,47.6134613,-68.8002286,False
Nakusp,B.C.,1574,50.2398537,-117.8011055,False
Nanaimo,B.C.,88799,49.1658836,-123.9400647,False
Napanee,Ont.,7221,44.248471,-76.95114,False
Napierville,Que.,3784,45.1864857,-73.4051146,False
Neepawa,Man.,3174,50.2277044,-99.4667714,False
Nelson,B.C.,10520,49.4928119,-117.2948343,False
New Glasgow,N.S.,20609,45.584335,-62.644795,False
New Hamburg,Ont.,11953,43.37816,-80.71006,False
New Richmond,Que.,2133,48.1621177,-65.856769,False
New Waterford,N.S.,8942,46.2530549,-60.0918022,False
Nicolet,Que.,5112,46.2274055,-72.6191742,False
Nipawin,Sask.,4330,53.3623525,-104.0130053,False
Normandin,Que.,1970,48.8368644,-72.5278609,False
North Battleford,Sask.,17595,52.7764752,-108.2974555,False
North Bay,Ont.,53515,46.3091152,-79.4608204,False
Norwich,Ont.,2707,42.9876575,-80.5974658,False
Norwood,Ont.,1254,44.382419,-77.979918,False
Okotoks,Alta.,24511,50.725625,-113.970658,False
Olds,Alta.,8235,51.7920135,-114.105279,False
Oliver,B.C.,5175,49.1823264,-119.550428,False
Orangeville,Ont.,30729,43.9152778,-80.1086111,False
Orillia,Ont.,30586,44.6,-79.4166667,False
Ormstown,Que.,1561,45.125586,-73.992052,False
Oromocto,N.B.,9234,45.8486646,-66.481286,False
Orono,Ont.,1547,43.97722,-78.616802,False
Oshawa,Ont.,290937,43.89,-78.86,False
Osoyoos,B.C.,4855,49.0314679,-119.46517,False
Ottawa - Gatineau,Ont./Que.,933596,45.4215296,-75.6971931,True
Ottawa - Gatineau,partie du Québec / Quebec part,236329,45.4215296,-75.6971931,True
Ottawa - Gatineau,Ontario part / partie de l'Ontario,697267,45.4215296,-75.6971931,True
Outlook,Sask.,2204,51.4873603,-107.0578423,False
Owen Sound,Ont.,22134,44.5690305,-80.9405602,False
Oxbow,Sask.,1285,49.2272232,-102.1695336,False
Oxford,N.S.,1151,45.7363147,-63.867288,False
Palmerston,Ont.,2599,43.8343143,-80.8482694,False
Papineauville,Que.,1587,45.6192843,-75.0190977,False
Paris,Ont.,11763,43.1940203,-80.3844996,False
Parkhill,Ont.,1885,43.1622697,-81.684218,False
Parksville,B.C.,24326,49.3193375,-124.3136412,False
Parrsboro,N.S.,1305,45.4056589,-64.3258874,False
Parry Sound,Ont.,6196,45.347783,-80.034459,False
Peace River,Alta.,4252,56.230976,-117.288829,False
Pembroke,Ont.,16146,45.8266513,-77.1108826,False
Penticton,B.C.,36902,49.4991381,-119.5937077,False
Perth,Ont.,6211,44.898795,-76.248566,False
Perth-Andover,N.B.,1778,46.7458117,-67.6977721,False
Peterborough,Ont.,80660,44.3061931,-78.3215959,False
Petrolia,Ont.,5528,42.8818379,-82.1444338,False
Picton,Ont.,4487,44.00862,-77.139223,False
Pictou,N.S.,3437,45.679332,-62.720603,False
Picture Butte,Alta.,1650,49.8730193,-112.7801858,False
Pierreville,Que.,2498,46.0695388,-72.8093624,False
Pinawa,Man.,1416,50.1503346,-95.8798382,False
Pincher Creek,Alta.,3685,49.4863458,-113.9502548,False
Plaster Rock,N.B.,1135,46.9082495,-67.3955312,False
Plessisville,Que.,6964,46.2194458,-71.7713791,False
Ponoka,Alta.,6773,52.67561,-113.580305,False
Pont-Rouge,Que.,6197,46.7562377,-71.6984316,False
Port Alberni,B.C.,20503,49.2338882,-124.8055494,False
Port Dover,Ont.,6387,42.786772,-80.203006,False
Port Elgin,Ont.,7555,44.4340516,-81.3929413,False
Port Hawkesbury,N.S.,3366,45.615278,-61.364167,False
Port Hope,Ont.,12230,43.9491497,-78.2934746,False
Port Perry,Ont.,8981,44.1050454,-78.944148,False
Port Stanley,Ont.,2229,42.6641353,-81.2156329,False
Port-Cartier,Que.,5687,50.0212524,-66.8760025,False
Portage la Prairie,Man.,12996,49.972766,-98.290463,False
Portneuf,Que.,2716,46.6984528,-71.8910008,False
Powassan,Ont.,1301,46.0807239,-79.368324,False
Powell River,B.C.,13175,49.8352352,-124.5247062,False
Preeceville,Sask.,1070,51.954219,-102.668156,False
Prescott,Ont.,4284,44.709294,-75.518972,False
Price,Que.,1673,48.6022432,-68.1251489,False
Prince Albert,Sask.,35552,53.199515,-105.760029,False
Prince George,B.C.,65503,53.91848,-122.776584,False
Prince Rupert,B.C.,11838,54.306145,-130.310882,False
Princeton,B.C.,2724,49.4589588,-120.5061567,False
Princeville,Que.,4079,46.1669906,-71.8755773,False
Provost,Alta.,2041,52.3559533,-110.2607913,False
Quesnel,B.C.,13566,52.981621,-122.493202,False
Rawdon,Que.,5172,46.0447377,-73.7106121,False
Raymond,Alta.,3743,49.4635388,-112.6622423,False
Red Deer,Alta.,90207,52.266741,-113.802295,False
Redwater,Alta.,1895,53.9505839,-113.1088853,False
Regina,Sask.,192756,50.447234,-104.618013,False
Renfrew,Ont.,8340,45.471929,-76.683197,False
Revelstoke,B.C.,6772,50.998115,-118.195672,False
Richibucto,N.B.,1286,46.6817873,-64.8659804,False
Richmond,Ont.,3797,42.764201,-80.844412,False
Richmond,Que.,3295,45.665822,-72.147921,False
Ridgetown,Ont.,3117,42.439316,-81.88624,False
Rigaud,Que.,2952,45.4792331,-74.3022975,False
Rimbey,Alta.,2378,52.6409395,-114.2357413,False
Rimouski,Que.,37664,48.4333333,-68.5166667,False
Rivers,Man.,1189,50.0328638,-100.2396726,False
Roberval,Que.,8440,48.513852,-72.232837,False
Roblin,Man.,1774,51.2281843,-101.3523249,False
Rockland,Ont.,11099,45.5483729,-75.2916118,False
Rocky Mountain House,Alta.,6933,52.3793432,-114.9182883,False
Rogersville,N.B.,1170,46.7329456,-65.4271623,False
Rosetown,Sask.,2317,51.5554913,-107.9910335,False
Rosthern,Sask.,1572,52.662259,-106.3318264,False
Rouyn-Noranda,Que.,23740,48.2342362,-79.0187836,False
Roxton Falls,Que.,1323,45.566667,-72.516667,False
Russell,Man.,1669,50.7803696,-101.2849376,False
Sackville,N.B.,2848,45.9104839,-64.373419,False
Saint John,N.B.,95902,45.273216,-66.064813,False
Salisbury,N.B.,2208,46.0261436,-65.0435053,False
Salmon Arm,B.C.,11810,50.700385,-119.280047,False
Sarnia,Ont.,79526,42.9848,-82.36059,False
Saskatoon,Sask.,222035,52.129267,-106.670253,False
Sault Ste. Marie,Ont.,67646,46.521858,-84.3460896,False
Sayabec,Que.,1201,48.5636652,-67.6866875,False
Seaforth,Ont.,2627,43.553454,-81.393336,False
Selkirk,Man.,9934,50.1435276,-96.8754295,False
Senneterre,Que.,2860,48.390597,-77.2411674,False
Shaunavon,Sask.,1756,49.6463379,-108.4215787,False
Shawinigan,Que.,47735,46.5618559,-72.7435254,False
Shawville,Que.,1664,45.603663,-76.4914639,False
Shediac,N.B.,6129,46.2201972,-64.5346866,False
Shelburne,N.S.,1686,43.76284,-65.316681,False
Shelburne,Ont.,5846,44.07872,-80.1996,False
Shellbrook,Sask.,1433,53.2231359,-106.388424,False
Sherbrooke,Que.,140628,45.4004791,-71.8837355,False
Shilo CFB-BFC,Man.,1421,53.7608608,-98.8138763,True
Shippagan,N.B.,2603,47.7439284,-64.7056928,False
Simcoe,Ont.,14777,42.835767,-80.306847,False
Sioux Lookout,Ont.,3047,50.0978321,-91.922038,False
Slave Lake,Alta.,6792,55.279209,-114.767899,False
Smithers,B.C.,5473,54.782355,-127.1685541,False
Smiths Falls,Ont.,9403,44.903748,-76.0216189,False
Smithville,Ont.,4491,43.094687,-79.548565,False
Sorel,Que.,36969,46.029843,-73.111697,False
Souris,Man.,1837,49.6207985,-100.2583026,False
South River,Ont.,1133,45.8410378,-79.3795728,False
Sparwood,B.C.,3460,49.731705,-114.887624,False
Spirit River,Alta.,1025,55.779444,-118.836389,False
Springdale,N.L.,2907,49.49749,-56.072997,False
Springhill,N.S.,3868,45.6486482,-64.0599649,False
Spruce Grove,Alta.,27947,53.5427846,-113.9033672,False
Squamish,B.C.,15051,49.6996657,-123.1550961,False
Saint Andrews,N.B.,1889,45.0738432,-67.0530897,False
St. Anthony,N.L.,2351,51.3704156,-55.5958649,False
St. Catharines - Niagara,Ont.,309319,43.1593745,-79.2468626,False
St. John's,N.L.,165346,47.5605413,-52.7128315,False
St. Marys,Ont.,6655,43.2595868,-81.140653,False
St. Paul,Alta.,5400,53.9911164,-111.2953051,False
Saint-Quentin,N.B.,2095,47.5119159,-67.3921287,False
St. Stephen,N.B.,4817,45.1922222,-67.2772222,False
St. Thomas,Ont.,41688,42.7777214,-81.1826527,False
Saint-Agapit,Que.,2240,46.5636775,-71.4358045,False
Saint-Alexis-des-Monts,Que.,1904,46.4622958,-73.1435017,False
Saint-Ambroise,Que.,2210,48.5549971,-71.32456,False
Saint-Anselme,Que.,2097,46.6297444,-70.9697098,False
Saint-Basile-Sud,Que.,1238,46.75649,-71.824832,False
Saint-Damase,Que.,1421,45.5251457,-73.0072709,False
Saint-Damien-de-Buckland,Que.,1625,46.6240621,-70.6579323,False
Saint-Donat-de-Montcalm,Que.,1629,46.3186706,-74.2218768,False
Saint-Fabien,Que.,1160,48.2940739,-68.8668978,False
Saint-Gabriel,Que.,2925,46.2959551,-73.382941,False
Saint-Georges,Que.,25703,46.1229184,-70.670352,False
Saint-Germain-de-Grantham,Que.,2919,45.8424752,-72.5657235,False
Saint-Hyacinthe,Que.,48576,45.6306875,-72.9563391,False
Saint-Jacques,Que.,2653,45.9479888,-73.5705135,False
Saint-Jean-sur-Richelieu,Que.,83053,45.305771,-73.2544903,False
Saint-Jean-Port-Joli,Que.,1890,47.2153806,-70.2694167,False
Saint-Joseph-de-Beauce,Que.,3434,46.3093057,-70.8767576,False
Saint-Joseph-de-Lanoraie,Que.,2611,46.0374012,-73.2237396,False
Saint-Jovite,Que.,4869,46.118043,-74.600589,False
Saint-Michel-des-Saints,Que.,1379,46.675179,-73.916779,False
Saint-Pascal,Que.,2447,47.5258442,-69.8045791,False
Saint-Pie,Que.,2779,45.5020224,-72.9024231,False
Saint-Prosper,Que.,2330,46.2128391,-70.4790446,False
Saint-Raymond,Que.,3502,46.8893368,-71.8338439,False
Saint-Sauveur-des-Monts,Que.,6532,45.8842437,-74.1641849,False
Saint-Tite,Que.,2260,46.7288888,-72.5711283,False
Stayner,Ont.,4126,44.4184121,-80.0957297,False
Ste. Anne,Man.,1626,49.669688,-96.647311,False
Sainte-Agathe-des-Monts,Que.,6226,46.0485628,-74.281603,False
Sainte-Anne-des-Monts,Que.,4388,49.1245778,-66.4892861,False
Sainte-Claire,Que.,2130,46.601095,-70.864737,False
Sainte-Croix,Que.,1636,46.6236095,-71.73348,False
Sainte-Madeleine,Que.,2541,45.595281,-73.095677,False
Sainte-Marie,Que.,10401,46.4390284,-71.0213182,False
Sainte-Martine,Que.,3711,45.2532382,-73.797663,False
Steinbach,Man.,13524,49.5258333,-96.6838889,False
Stephenville,N.L.,6416,48.5479718,-58.5815353,False
Stephenville Crossing,N.L.,1140,48.5280004,-58.4467644,False
Stettler,Alta.,5779,52.3227515,-112.7109042,False
Stirling,Ont.,2173,44.2970518,-77.5483302,False
Stonewall,Man.,4536,50.1351544,-97.3273965,False
Stony Mountain,Man.,1696,50.0875625,-97.2196509,False
Stratford,Ont.,30886,43.3700007,-80.9822286,False
Strathmore,Alta.,12216,51.0378523,-113.4002873,False
Strathroy,Ont.,14221,42.95542,-81.6232333,False
Sturgeon Falls,Ont.,6672,46.364519,-79.960813,False
Sudbury,Ont.,106840,46.49,-81.01,False
Sussex,N.B.,5812,45.723648,-65.510873,False
Sutton,Ont.,5938,44.305,-79.358056,False
Swan Hills,Alta.,1460,54.7160493,-115.4025897,False
Swan River,Man.,3907,52.1050923,-101.2706212,False
Swift Current,Sask.,15503,50.2880556,-107.7938889,False
Cape Breton - Sydney,N.S.,31597,46.1367899,-60.194224,False
Sydney Mines,N.S.,14135,46.244908,-60.233335,False
Sylvan Lake,Alta.,12762,52.3076201,-114.0979947,False
Taber,Alta.,8199,49.7859606,-112.1496533,False
Tavistock,Ont.,2784,43.3215935,-80.8357505,False
Terrace,B.C.,15569,54.5181925,-128.603154,False
Terrace Bay,Ont.,1466,48.784141,-87.096245,False
Thamesford,Ont.,1990,43.0578881,-80.9994785,False
The Pas,Man.,5689,53.8238704,-101.2381834,False
Thessalon,Ont.,1279,46.255953,-83.556368,False
Thetford Mines,Que.,20756,46.1028329,-71.3055522,False
Thompson,Man.,12829,55.746313,-97.850131,False
Thornbury,Ont.,2253,44.5617896,-80.4529392,False
Three Hills,Alta.,3198,51.706722,-113.263856,False
Thunder Bay,Ont.,102222,48.415802,-89.2673,False
Thurso,Que.,2455,45.5971928,-75.2432687,False
Tilbury,Ont.,4700,42.261106,-82.433862,False
Tillsonburg,Ont.,15301,42.861942,-80.727507,False
Tisdale,Sask.,3185,52.8473958,-104.0489835,False
Toronto,Ont.,5132794,43.670233,-79.386755,False
Tottenham,Ont.,4720,44.0224843,-79.8055946,False
Tracadie-Sheila,N.B.,2679,47.512071,-64.912087,False
Trail,B.C.,9276,49.0965676,-117.7117301,False
Trois-Pistoles,Que.,3466,48.1192674,-69.1652622,False
Truro,N.S.,23261,45.3657733,-63.2869407,False
Tweed,Ont.,1614,44.474728,-77.310249,False
Ucluelet,B.C.,1627,48.9415997,-125.5463445,False
Unity,Sask.,2389,52.4437324,-109.1583194,False
Uxbridge,Ont.,11531,44.1094028,-79.1204998,False
Val-d'Or,Que.,23827,48.0987106,-77.7967676,False
Valcourt,Que.,2349,45.4924486,-72.3149501,False
Valley East,Ont.,20676,46.669339,-80.999457,False
Salaberry-de-Valleyfield,Que.,39391,45.2500909,-74.1330862,False
Valleyview,Alta.,1761,55.0687222,-117.2681944,False
Vancouver,B.C.,2135201,49.248523,-123.1088,False
Vanderhoof,B.C.,1382,54.014333,-124.008944,False
Vankleek Hill,Ont.,1833,45.5196512,-74.6522016,False
Varennes,Que.,19458,45.678028,-73.418491,False
Vegreville,Alta.,5717,53.495529,-112.052544,False
Vermilion,Alta.,3930,53.3540161,-110.8586257,False
Vernon,B.C.,44600,50.255069,-119.292145,False
Victoria,B.C.,316327,48.4286111,-123.3655556,False
Victoriaville,Que.,41701,46.058159,-71.964523,False
Viking,Alta.,1041,53.0960793,-111.7764533,False
Ville-Marie,Que.,2600,47.331372,-79.441082,False
Virden,Man.,3114,49.8486678,-100.9325285,False
Vulcan,Alta.,1836,50.4031725,-113.2612478,False
Wabana,N.L.,2346,47.643855,-52.94724,False
Wadena,Sask.,1306,51.944507,-103.80147,False
Wainwright,Alta.,5925,52.83307,-110.8504696,False
Walkerton,Ont.,4967,44.131697,-81.151193,False
Wallaceburg,Ont.,10163,42.5926445,-82.3882529,False
Warwick,Que.,3305,45.949523,-71.9970864,False
Waterford,Ont.,3119,42.9316056,-80.2895832,False
Waterloo,Que.,4382,45.3440765,-72.5164034,False
Watford,Ont.,1592,42.9555662,-81.8799198,False
Watrous,Sask.,1857,51.6745142,-105.4683377,False
Weedon Centre,Que.,1085,52.9399159,-73.5491361,True
West Lorne,Ont.,1415,42.603779,-81.606653,False
Westlock,Alta.,4823,54.1521565,-113.851419,False
Wetaskiwin,Alta.,12525,52.9695353,-113.3772454,False
Weyburn,Sask.,10484,49.6629689,-103.853103,False
Wheatley,Ont.,2925,42.095061,-82.4629497,False
Stouffville,Ont.,24886,44.0136,-79.3206,False
White Rock,B.C.,82368,49.022034,-122.803643,False
Whitecourt,Alta.,9595,54.1424043,-115.6849812,False
Whitehorse,Y.T.,20562,60.7166667,-135.05,False
Wiarton,Ont.,2291,44.740108,-81.140657,False
Wilkie,Sask.,1301,52.4093634,-108.7036767,False
Williams Lake,B.C.,12408,52.1416736,-122.1416885,False
Winchester,Ont.,2482,45.093032,-75.353841,False
Windsor,N.S.,4095,44.990138,-64.134197,False
Windsor,Ont.,276165,42.292676,-82.993335,False
Windsor,Que.,5367,45.566667,-72.0,False
Wingham,Ont.,2875,43.8879476,-81.3116601,False
Winkler,Man.,12005,49.1816667,-97.9402778,False
Winnipeg,Man.,671551,49.886083,-97.152921,False
Wolfville,N.S.,4269,45.0917598,-64.3598354,False
Woodstock,N.B.,5264,46.1615863,-67.5864265,False
Woodstock,Ont.,37362,43.1305556,-80.7466667,False
Wynyard,Sask.,1767,51.7652302,-104.1792004,False
Wyoming,Ont.,2333,42.642052,-78.2020387,False
Yamachiche,Que.,1408,46.2838301,-72.8300629,False
Yarmouth,N.S.,6761,43.835483,-66.115472,False
Yellowknife,N.W.T.,18352,62.454648,-114.376469,False
Yorkton,Sask.,15795,51.2138889,-102.4627778,False
One Hundred Mile House,B.C.,1721,51.6439705,-121.2950097,False
Abbotsford,B.C.,149855,49.054587,-122.328026,False
Buckingham,Que.,23589,45.5864086,-75.4168654,False
Gambo,N.L.,1688,48.7850799,-54.2133023,False
Fermont,Que.,2874,52.7953958,-67.0842673,False
Fort Erie,Ont.,15568,42.9017764,-78.9721745,False
Crystal Beach,Ont.,7421,42.8704561,-79.058898,False
Keswick - Elmhurst Beach,Ont.,25527,44.216653,-79.471734,False
Nobleton,Ont.,3582,43.9021887,-79.6526997,False
Port-Alfred-Bagotville,Que.,13922,48.345881,-70.892666,False
Beamsville,Ont.,10679,43.165833,-79.476389,False
Mississauga Beach,Ont.,3854,43.261477,-79.088993,False
Dowling,Ont.,1690,46.5884726,-81.333034,False
Petawawa,Ont.,12352,45.8982631,-77.2828772,False
Port Hardy,B.C.,3515,50.7208228,-127.4966666,False
Sooke,B.C.,7136,48.376111,-123.737778,False
Timmins,Ont.,30614,48.4778809,-81.3363311,False
Porcupine,Ont.,7163,48.494135,-81.170126,False
Lively,Ont.,6922,46.436543,-81.146561,False
Chatham - Douglastown,N.B.,13307,47.028815,-65.493899,False
Summerland,B.C.,6704,49.607353,-119.676882,False
Daveluyville,Que.,1266,46.2050319,-72.136671,False
Les Coteaux,Que.,15847,45.2593027,-74.206729,False
Paisley,Ont.,1003,44.3062207,-81.2729785,False
Grand Valley,Ont.,1481,43.8991018,-80.3152118,False
Creemore,Ont.,1222,44.3272376,-80.1061859,False
Niverville,Man.,3540,49.605965,-97.0401865,False
Warman,Sask.,7084,52.3183662,-106.5750747,False
Nanton,Alta.,2132,50.3457241,-113.7741503,False
Black Diamond,Alta.,4545,50.6883865,-114.2326442,False
Carstairs,Alta.,3442,51.5649396,-114.0985975,False
Gibbons,Alta.,3030,53.825792,-113.3266113,False
Elkford,B.C.,2518,50.024565,-114.92353,False
Logan Lake,B.C.,1975,50.4911515,-120.8152537,False
Colchester,Ont.,2145,41.986065,-82.926412,False
Saint-Cyrille-de-Wendover,Que.,1381,45.9328471,-72.424601,False
Jarvis,Ont.,2513,42.884478,-80.114057,False
Lumsden,Sask.,1631,50.646344,-104.866891,False
Sainte-Justine,Que.,1099,46.4073864,-70.3534958,False
St. Leonard,N.B.,1353,47.162759,-67.925605,False
Wellington,Ont.,1860,43.951527,-77.353619,False
Sundre,Alta.,2610,51.7972222,-114.6405556,False
Tofield,Alta.,2182,53.3713874,-112.6632309,False
Dutton,Ont.,1442,42.663792,-81.502711,False
Salmo,B.C.,1139,49.194892,-117.2792769,False
Blackfalds,Alta.,6300,52.3807817,-113.7945509,False
Jasper,Alta.,3560,52.879277,-118.079256,False
Lumby,B.C.,1731,50.250699,-118.967831,False
Southampton,Ont.,3440,44.4948543,-81.3695635,False
Goulds,N.L.,4525,47.4465263,-52.7716876,False
Sainte-Anne-des-Plaines,Que.,10890,45.7596011,-73.8151201,False
Sainte-Julienne,Que.,1580,45.966667,-73.716667,False
Danville,Que.,1847,45.7849952,-72.0145063,False
La Ronge,Sask.,5905,55.10823,-105.285989,False
Port McNeill,B.C.,2505,50.590142,-127.084755,False
Wembley,Alta.,1383,55.152666,-119.147889,False
Penhold,Alta.,2375,52.135433,-113.87271,False
Lamont,Alta.,1753,53.7601979,-112.7795395,False
Elk Point,Alta.,1412,53.8972007,-110.9009632,False
Millet,Alta.,2092,53.0920817,-113.4702831,False
Beaumont,Alta.,13284,53.357141,-113.414578,False
Pasadena,N.L.,2636,49.0130399,-57.589375,False
Brownsburg,Que.,2550,45.676447,-74.404499,False
Rodney,Ont.,1023,42.566722,-81.681107,False
Rockwood,Ont.,3869,43.61887,-80.144189,False
Pilot Butte,Sask.,1848,50.4801035,-104.4186625,False
Dalmeny,Sask.,1702,52.3412398,-106.7716398,False
Martensville,Sask.,7716,52.2931212,-106.6578378,False
Bon Accord,Alta.,1488,53.8372598,-113.4121256,False
Crossfield,Alta.,2853,51.429517,-114.029742,False
Lions Bay,B.C.,1318,49.4592529,-123.234139,False
Aldergrove,B.C.,12778,49.0580516,-122.470667,False
Sicamous,B.C.,2441,50.8371745,-118.9805313,False
Houston,B.C.,2246,54.3979972,-126.6482087,False
Dallas,B.C.,4445,50.666667,-120.166667,False
Lac du Bonnet,Man.,1328,50.2648182,-96.2161483,False
Langham,Sask.,1290,52.3589781,-106.9583581,False
Macklin,Sask.,1415,52.3332191,-109.9364258,False
Le Bic,Que.,1286,48.3618535,-68.7462892,False
Belmont,Ont.,1840,42.881397,-81.087515,False
Tumbler Ridge,B.C.,2700,42.881397,-81.087515,False
Hastings,Ont.,1139,43.3739582,-76.1524252,False
Sexsmith,Alta.,2393,55.3501922,-118.7832807,False
Hensall,Ont.,1173,43.4344181,-81.5038917,False
St. Jacobs,Ont.,1891,43.5370805,-80.5539983,False
Cookstown,Ont.,1328,44.1894183,-79.7007401,False
Coalhurst,Alta.,1963,49.7457274,-112.9319279,False
Lac-Lapierre,Que.,2438,45.8997775,-73.7691943,False
Walnut Grove,B.C.,27969,49.1750029,-122.624019,False
St. Adolphe,Man.,1036,49.672821,-97.110765,False
Carlisle,Ont.,2363,43.1287391,-81.483506,False
Rossland,B.C.,3491,49.0781415,-117.8000037,False
Stony Plain,Alta.,13882,53.53,-114.0063889,False
Saint-Sulpice,Que.,2358,45.8253164,-73.3593126,False
Duck Lake,B.C.,6281,49.2304347,-116.6370676,False
Osgoode,Ont.,2453,49.2304347,-116.6370676,False
Lake Echo,N.S.,3562,44.7562763,-63.3983704,False
Vineland,Ont.,2834,43.1513548,-79.3927698,False
Saint-Canut,Que.,5218,45.718221,-74.076577,False
Mount Albert,Ont.,3915,44.136076,-79.3083392,False
Saint-Alexandre,Que.,1207,45.241921,-73.122647,False
Bassano,Alta.,1282,50.7894791,-112.4686447,False
Hauterive,Que.,11844,49.195119,-68.263425,False
Humber Arm South,N.L.,1442,49.009886,-58.135293,False
Laurier-Station,Que.,2644,46.5392679,-71.6320142,False
Kingsey Falls,Que.,1453,45.8606766,-72.0712829,False
Sainte-Anne-de-Madawaska,N.B.,1002,47.2500511,-68.0317486,False
Smoky Lake,Alta.,1022,54.1123642,-112.4759069,False
L'Ascension-de-Notre-Seigneur,Que.,1108,48.69063,-71.6718694,False
Pangnirtung,Nvt.,1425,66.1465578,-65.7012182,False
Brussels,Ont.,1157,43.7444279,-81.2498314,False
Grand Bend,Ont.,2102,43.312458,-81.755897,False
Teeswater,Ont.,1011,44.0007085,-81.2876878,False
Wellesley,Ont.,2976,43.477496,-80.764498,False
Sechelt,B.C.,7251,49.4741736,-123.7545601,False
Mildmay,Ont.,1183,44.0424018,-81.1189795,False
Two Hills,Alta.,1379,53.7116476,-111.7448788,False
Lantz,N.S.,1533,44.9863332,-63.4832749,False
Wikwemikong,Ont.,1654,45.8036471,-81.7214899,False
Russell,Ont.,3759,45.2592652,-75.357609,False
Omemee,Ont.,1247,44.299023,-78.5568909,False
Millbrook,Ont.,1632,44.15055,-78.4488677,False
Whistler,B.C.,7699,50.116168,-122.959423,False
Athabasca,Alta.,2990,54.7214094,-113.2861822,False
Stoney Point,Ont.,1424,42.314445,-82.5537389,False
Burford,Ont.,1952,43.103279,-80.429138,False
Cultus Lake,B.C.,1110,49.0678959,-121.9762054,False
St. George,Ont.,3124,43.245416,-80.25327,False
Hillsburgh,Ont.,1065,43.7924006,-80.1448818,False
Drayton,Ont.,1880,43.7550646,-80.6713535,False
Filion,Que.,2308,45.829257,-74.0501869,False
Caledon,Ont.,1572,43.8666667,-80.0,False
Rankin Inlet,Nvt.,2266,62.808375,-92.0852853,False
Constance Bay,Ont.,2364,45.486219,-76.073418,False
Munster,Ont.,1242,45.164689,-75.939694,False
Metcalfe,Ont.,1763,45.235828,-75.472983,False
Kent,B.C.,3182,49.235788,-121.761618,False
Saint-Denis,Que.,1152,47.502187,-69.937511,False
Amigo Beach,Ont.,1195,44.6890659,-79.391631,False
White City,Sask.,3098,50.445307,-104.3659541,False
Balgonie,Sask.,1625,50.4921223,-104.2687767,False
Everett,Ont.,1645,44.1908935,-79.9406555,False
Wasaga Beach,Ont.,11038,44.5207419,-80.0160668,False
Rougemont,Que.,1378,45.4370028,-73.0516391,False
Roxton Pond,Que.,2260,45.4775552,-72.6626335,False
Lac-Alouette,Que.,3637,45.817006,-73.95881,False
Saint-Liboire,Que.,1556,45.6510794,-72.7590317,False
Val-David,Que.,1920,46.0306409,-74.2062837,False
Carleton,Que.,1061,48.102021,-66.1220639,False
Betsiamites,Que.,2251,48.940766,-68.642315,False
Mistissini,Que.,1793,50.418441,-73.873727,False
Chisasibi,Que.,2659,53.7826457,-78.8937214,False
Notre-Dame-du-Mont-Carmel,Que.,1065,46.4875883,-72.6565368,False
Saint-Roch-de-l'Achigan,Que.,1333,45.8581334,-73.5934824,False
Hayes Subdivision,N.S.,1090,45.055404,-64.589907,False
Enfield,N.S.,3892,44.9434929,-63.536158,False
Clairmont,Alta.,1652,55.2431912,-118.7945239,False
Shawnigan,B.C.,3543,48.7493473,-123.7515693,False
Blind Bay,B.C.,1738,50.886273,-119.397706,False
Pemberton,B.C.,2369,50.322028,-122.8050498,False
McEwen,N.B.,1515,46.146959,-64.785296,False
Brookside,N.S.,1531,44.54815,-63.721614,False
Hammonds Plains Road,N.S.,1840,44.726324,-63.744009,False
Caledon East,Ont.,2214,43.870098,-79.86709,False
Schomberg,Ont.,2321,44.0008729,-79.6831472,False
Bromont,Que.,1281,45.319082,-72.645947,False
Calmar,Alta.,1970,53.2650981,-113.8056665,False
Oka-Kanesatake,Que.,1208,45.5113762,-74.1238539,False
Saint-Augustin,Que.,6190,51.2305374,-58.6504617,False
Oakbank,Man.,2944,49.941476,-96.842945,False
Langdon,Alta.,3403,50.9735804,-113.6795079,False
Chestermere,Alta.,14363,51.0395935,-113.8234705,False
Irricana,Alta.,1162,51.3189648,-113.6105252,False
Ballantrae,Ont.,1382,44.037066,-79.300868,False
Virgil,Ont.,2325,43.2196469,-79.1214455,False
Komoka,Ont.,1532,42.9484009,-81.43581,False
Lorette,Man.,2361,49.7396213,-96.8743275,False
Regina Beach,Sask.,1636,50.7922074,-104.9857103,False
Crofton,B.C.,1092,48.863844,-123.6457977,False
Roberts Creek,B.C.,1472,49.424157,-123.64758,False
Harrison Hot Springs,B.C.,1468,49.300141,-121.785316,False
Mill Bay,B.C.,1549,48.6505297,-123.5571899,False
Stanley 157,Sask.,1812,55.4033528,-104.5688517,False
Waskaganish,Que.,1955,51.2116449,-78.8183597,False
Bowden,Alta.,1241,51.9330868,-114.0322265,False
Red Lake,Ont.,1274,51.061009,-93.779855,False
Moosonee,Ont.,1024,51.280454,-80.646599,False
Cambridge Bay,Nvt.,1375,69.114956,-105.059775,False
Arviat,Nvt.,1810,61.1083061,-94.0599509,False
Still Water Lake,N.S.,1677,44.70725,-63.849389,False
Starlight Village,N.B.,1319,40.482347,-74.449154,False
Maliotenam,Que.,1316,50.2140189,-66.196333,False
Ville Lambert,Que.,1315,46.7545036,-71.2464475,False
Sainte-Catherine-de-la-Jacques-Cartier,Que.,1062,46.8444519,-71.615226,False
Domaine-Ouellet,Que.,1973,46.498607,-72.915277,False
Lac-Simon,Que.,1403,46.153429,-74.735541,False
Amulet,Que.,1193,48.292058,-79.027405,False
Manotick Station,Ont.,1632,45.254715,-75.623697,False
Bath,Ont.,1042,44.1840483,-76.771219,False
Binbrook,Ont.,3614,43.1208326,-79.8044957,False
Mount Hope,Ont.,1904,44.413535,-81.231437,False
Ilderton,Ont.,1666,43.0792014,-81.3817835,False
Nobleford,Alta.,1000,49.8798996,-113.057147,False
Aldergrove East,B.C.,2203,49.0580516,-122.470667,False
Miller's Landing,B.C.,1113,49.3897369,-123.329585,False
Cowichan Bay,B.C.,1401,48.7373094,-123.6215503,False
Mitchell,Man.,1136,49.534167,-96.7619547,False
Moose Lake,Man.,1137,53.70456,-100.3109319,False
St. Theresa Point,Man.,1057,53.832766,-94.849654,False
Grunthal,Man.,1479,49.406667,-96.858056,False
Gillam,Man.,1106,56.3480277,-94.7091205,False
Blumenort,Man.,1133,49.6079093,-96.6934526,False
Trochu,Alta.,1072,51.8238211,-113.2327668,False
Eckville,Alta.,1125,52.362222,-114.361389,False
Kimosom Pwatinahk 203,Deschambault Lake,1194,52.362222,-114.361389,True
Birch Hills,Sask.,1064,52.98238,-105.4320697,False
Caronport,Sask.,1068,50.4553678,-105.8183827,False
Pelican Narrows,Sask.,2703,55.171526,-102.939774,False
Welcome Beach,B.C.,1106,49.4884513,-123.9045196,False
Mannheim,Ont.,1013,43.398244,-80.545479,False
Factory Island,Ont.,1958,51.2613943,-80.6031298,False
St. Clements,Ont.,1261,43.523095,-80.652038,False
New Dundee,Ont.,1219,43.3496685,-80.533184,False
Thornton,Ont.,1001,44.2708788,-79.7220653,False
Sunderland,Ont.,1110,44.262456,-79.067983,False
Saint-Charles,Que.,1300,46.770599,-70.9448929,False
Manawan,Que.,2073,47.2119447,-74.3857974,False
Terrasse-des-Pins,Que.,1085,46.7502342,-71.3283057,False
Domaine-C.-L.-C.,Que.,1200,46.8128022,-71.2816829,False
Saint-Michel,Que.,1197,45.2420859,-73.5763241,False
L'Ange-Gardien,Que.,1311,46.916989,-71.0900489,False
Saint-Alexandre,Que.,1071,45.241921,-73.122647,False
Baker Lake,Nvt.,1165,64.3180556,-96.0175,False
Kugluktuk,Nvt.,1082,67.8252313,-115.0965503,False
Deep Cove,B.C.,1088,49.326817,-122.951994,False
Osler,Sask.,1088,52.3674367,-106.5361785,False
